filename,top,Text
i1,2614,TABLE 1.
i1,5113,TABLE 2.
i10,5995,TABLE ID ATA I NFORMATION
i10,6191,TABLE IIB USINESS A CTIVITIES AND D ATA O PERATIONS
i11,6191,EFERENCES
i11,6984,"Gui-Bin Bian (M’13) is an Associate Professorwith State Key Laboratory of Management and Con-trol for Complex Systems, Institute of Automation,Chinese Academy of Sciences. He received B.S.degree in mechanical engineering from North ChinaUniversity of Technology, in 2004, M.S. degree incontrol theory and engineering and Ph.D. degree inmechanical engineering, both from Beijing Instituteof Technology, in 2007 and 2010, respectively. Hiscurrent research interests include medical robotics, mechanical design, path planning, dynamics model-"
i13,1302,FIGURE 1.
i14,4090,1
i15,1781,TABLE 1.
i15,2746,FIGURE 3.
i15,4089,10:11
i15,4603,FIGURE 5.
i15,4623,− ( + 1) 2 2
i15,5113,TABLE 2.
i16,1781,TABLE 1.
i16,3647,FIGURE 1.
i16,5113,TABLE 8.
i16,7612,TABLE 14.
i16,9278,TABLE 16. TABLE 17.
i16,11957,"[37] M. Beauchemin. (Sep. 4, 2017). . [Online]. Available: https://medium.com/airbnb-engineering/ airﬂow-a-workﬂow-management-platform-46318b977fd8"
i17,1244,FIGURE 1.
i17,1818,II. RELATED WORKS
i17,3447,TABLE 1.
i17,6005,1) WAVE BASIC SERVICE SET INITIALIZATION
i17,7612,TABLE 2.
i17,12036,","
i17,12040,− 1
i17,16169,[1] R. Baldessari
i19,2710,FIGURE 2.
i19,2753,FIGURE 3.
i19,3005,FIGURE 4.
i19,5323,2) WIFI PLATFORM
i19,7670,FIGURE 18.
i2,1781,TABLE 1.
i20,3218,FIGURE 1.
i20,3628,TABLE 1.
i20,5113,TABLE 5.
i20,7612,TABLE 13.
i20,9278,TABLE 22.
i20,9380,TABLE 23.
i20,9493,FIGURE 4.
i20,9501,TABLE 24.
i20,9515,TABLE 20.
i21,2752,FIGURE 3.
i21,3625,FIGURE 5.
i21,7612,TABLE 3.
i21,12043,"[18] G. Tian and Y. Liu, ‘‘Towards agile and smooth video adaptation indynamic HTTP streaming,’’ in , New York, NY, USA, Dec. 2012, pp. 109–120.[Online]. Available: http://doi.acm.org/10.1145/2413176.2413190[19] G. Tian and Y. Liu, ‘‘Towards agile and smooth video adaptation inHTTP adaptive streaming,’’ , vol. 24, no. 4,pp. 2386–2399, Aug. 2016."
i22,4014,else if then
i23,1792,TABLE I
i24,9453,FIGURE 1.
i25,3691,FIGURE 2.
i25,5200,VI. DISCUSSION
i26,2633,MS
i26,2637,ControlSource
i28,1334,v
i28,1359,tie
i28,1443,"i , L i"
i28,1458,"d i ,"
i28,1479,", L i , d i"
i28,1540,"turb , i"
i28,1545,"ch i ,"
i28,2709,-4
i28,3819,-11
i28,4799,and the step size
i28,5503,"in figure 2 for simulation. the ace, frequency error, and"
i28,5999,0
i29,6193,"DATA , RX DATA , RX DATA , RX 4 − 5 SAMP IDLE RECT 2 OPER SAMP IDLE STORE OPER IDLE SAMP STORE 1 SAMP IDLE IDLE SAMP"
i3,1288,TABLE 2.
i3,1499,TABLE 1.
i30,1366,FIGURE 2.
i30,3687,FIGURE 5.
i30,4619,"[7] S. Yin, B. Xiao, S. X. Ding, and D. Zhou, ‘‘A review on recent developmentof spacecraft attitude fault tolerant control system,’’ , vol. 63, no. 5, pp. 3311–3320, May 2016."
i32,1819,II. SYSTEM MODEL AND PROBLEM STATEMENT
i32,4017,e y x W x e f x e
i32,5711,V. SMOOTH APPROXIMATION AND GRADIENTPROJECTION BASED METHOD
i33,3211,FIGURE 3.
i33,5699,V. CONCLUSION
i34,8026,FIGURE 9.
i34,9411,LISTING 3.
i35,1492,FIGURE 1.
i35,4621,A ∗ A A A A
i36,2713,FIGURE 6.
i37,3447,TABLE 2.
i37,5699,VI. CREST MODEL RECONSTRUCTION RESULTS
i38,2637,1) PATIENT DATA
i38,7612,TABLE 6. TABLE 8.
i38,7951,FIGURE 11.
i38,9278,TABLE 13. TABLE 14.
i38,12045,"PAWEL MARCINEK received the master’s degreein experimental physics from Jagiellonian Univer-sity, Krakow, Poland. He is currently pursuing thePh.D. degree in applied mathematics with Oak-land University, Rochester, MI, USA. His researchinterests include numerical methods for partial dif-ferential equations, applications of PDE in physicsand in mechanical engineering, cluster analysis,risk analysis, and statistical predictive modeling."
i39,4089,+ 3 . 5
i39,4806,V. NUMERICAL RESULTS
i40,3642,FIGURE 2.
i40,5994,− 1
i40,6191,1 1
i40,7612,TABLE 2.
i40,7962,FIGURE 11.
i40,8024,FIGURE 9.
i40,8150,FIGURE 12.
i41,3060,FIGURE 3.
i41,3596,FIGURE 4.
i41,3649,FIGURE 5.
i41,8081,FIGURE 11.
i41,8084,FIGURE 12.
i41,8108,TABLE 4.
i41,9425,"[18] Y. Tang, K. Dvijotham, and S. Low, ‘‘Real-time optimal power ﬂow,’’"
i41,9582,REFERENCES
i42,2614,TABLE 1.
i42,3447,TABLE 2.
i43,7606,h h h
i44,2614,TABLE 1.
i45,2734,FIGURE 4.
i45,2738,FIGURE 3.
i46,4089,(cid:48) (cid:48) (cid:48)
i47,3447,TABLE 1. TABLE 2.
i47,3791,VI. SIMULATION RESULTS
i47,4599,FIGURE 5.
i47,5206,VII. CONCLUSION
i48,2284,II. RELATED WORKS
i48,3636,FIGURE 1.
i48,9278,TABLE 4.
i48,14450,17
i49,2728,FIGURE 2.
i49,2737,FIGURE 3.
i5,7612,TABLE 2.
i5,7987,TABLE 1.
i5,9278,TABLE 3.
i5,9362,TABLE 4.
i5,9446,TABLE 5.
i6,2614,TABLE 2.
i6,2712,TABLE 3.
i6,2913,TABLE 4.
i6,3046,TABLE 1.
i6,3690,TABLE 5.
i7,4603,TABLE 1.
i9,1792,TABLE I
